Name,Team,Position,Inj Date,Injury,IL Status,IL Start Date,IL Eligible Date,IL Return Date,Update,Days Missed,Innings Pitched,Fastball Velo,ERA,Slider Velo,Curve Velo,Stuff+,K/9
Cooper Criswell,LAA,SP,Mar '22,Shoulder soreness,Activated,4/4/22,6/3/22,7/15/22,Activated,102,3.1,0,2.7,77.6,0,90,10.8
José Quijada,LAA,RP,4/9/22,Strained oblique,Activated,4/8/22,4/18/22,5/29/22,Activated,51,40.2,94.6,3.98,81.3,0,102,11.51
Archie Bradley,LAA,RP,4/29/22,Strained abdominal,Activated,4/30/22,5/10/22,5/23/22,Activated,23,18.2,94,4.82,0,0,93,7.23
Austin Warren,LAA,RP,5/10/22,Nasal fracture surgery,Activated,4/30/22,5/15/22,6/12/22,Activated,43,16,93.9,5.63,86.2,0,102,5.06
Austin Warren,LAA,RP,6/17/22,Strained triceps,Activated,6/18/22,7/3/22,7/12/22,Activated,24,16,93.9,5.63,86.2,0,102,5.06
Jimmy Herget,LAA,RP,6/21/22,Shoulder impingement,Activated,6/22/22,7/7/22,7/31/22,Activated,39,69,92.3,2.48,83.2,74.8,106,8.22
Archie Bradley,LAA,RP,6/26/22,Fractured elbow (right),Activated,6/27/22,8/26/22,9/27/22,Activated,92,18.2,94,4.82,0,0,93,7.23
Archie Bradley,LAA,RP,9/29/22,Strained forearm,15-Day IL,9/26/22,10/11/22,10/6/22,Out for 2022 season,10,18.2,94,4.82,0,0,93,7.23
Alex Wells,BAL,RP,4/26/22,Strained elbow,Activated,4/27/22,6/26/22,9/16/22,Activated,142,3.2,88.6,4.91,82.5,72.3,84,14.73
Travis Lakins Sr.,BAL,RP,5/11/22,Elbow inflammation,Activated,5/12/22,7/11/22,8/31/22,Activated,111,10.1,94.3,9.58,82.7,80.3,103,6.97
Joey Krehbiel,BAL,RP,6/2/22,Shoulder inflammation,Activated,6/3/22,6/18/22,6/18/22,Activated,15,57.2,94.6,3.9,79.8,0,97,7.02
Félix Bautista,BAL,RP,9/30/22,Knee discomfort,15-Day IL,10/1/22,10/16/22,10/6/22,Out for 2022 season,5,65.2,99.3,2.19,85.2,0,145,12.06
Hansel Robles,BOS,RP,5/22/22,Back spasms,Activated,5/25/22,6/9/22,6/9/22,Activated,15,24.2,96.2,5.84,88.7,0,107,7.66
Matt Barnes,BOS,RP,5/30/22,Shoulder inflammation,Activated,5/31/22,7/30/22,8/4/22,Activated,65,39.2,95.2,4.31,0,0,105,7.71
Matt Strahm,BOS,RP,5/30/22,Undisclosed,Activated,5/30/22,5/31/22,6/1/22,Activated,2,44.2,94.3,3.83,88.6,82.7,107,10.48
Tyler Danish,BOS,RP,7/6/22,Elbow discomfort,Activated,7/7/22,7/22/22,8/28/22,Activated,52,40.1,91.4,5.13,87.1,80.9,82,7.14
Matt Strahm,BOS,RP,7/12/22,Wrist contusion,Activated,7/13/22,7/28/22,8/19/22,Activated,37,44.2,94.3,3.83,88.6,82.7,107,10.48
Tanner Houck,BOS,RP,9/6/22,Back surgery (lumbar discectomy),60-Day IL,8/6/22,10/5/22,10/6/22,Out for 2022 season,61,60,95.5,3.15,85.4,0,106,8.4
Joe Kelly,CHW,RP,10/21/21,Strained biceps,Activated,4/4/22,4/14/22,5/9/22,Activated,35,37,96.6,6.08,0,0,111,12.89
Ryan Burr,CHW,RP,3/31/22,Shoulder surgery (torn labrum),Activated,4/4/22,4/14/22,4/29/22,Activated,25,9,95,6,80.3,0,92,7
Aaron Bummer,CHW,RP,5/6/22,Strained knee,Activated,5/7/22,5/22/22,5/22/22,Activated,15,26.2,0,2.36,82,0,94,10.12
Joe Kelly,CHW,RP,5/25/22,Strained hamstring,Activated,5/26/22,6/10/22,6/14/22,Activated,19,37,96.6,6.08,0,0,111,12.89
Aaron Bummer,CHW,RP,6/7/22,Strained lat,Activated,6/9/22,8/8/22,9/5/22,Activated,88,26.2,0,2.36,82,0,94,10.12
Liam Hendriks,CHW,RP,6/10/22,Strained forearm,Activated,6/11/22,6/26/22,7/4/22,Activated,23,57.2,97.8,2.81,89,85.8,133,13.27
Reynaldo López,CHW,RP,7/23/22,Strained lower back,Activated,7/25/22,8/9/22,8/9/22,Activated,15,65.1,97.1,2.76,87.4,80.4,116,8.68
Kyle Crick,CHW,RP,6/13/22,Elbow inflammation,60-Day IL,6/14/22,8/13/22,10/6/22,No timetable for return,114,15.2,92.3,4.02,79.7,0,113,10.91
James Karinchak,CLE,RP,Mar '22,Strained shoulder (teres major),Activated,4/4/22,6/3/22,7/2/22,Activated,89,39,95.3,2.08,0,82.9,126,14.31
Anthony Castro,CLE,RP,4/20/22,Undisclosed,Activated,4/20/22,4/21/22,5/2/22,Activated,12,13.1,95.2,7.43,84.4,0,107,8.1
Anthony Gose,CLE,RP,9/14/22,Tommy John surgery,60-Day IL,7/3/22,9/1/22,10/6/22,Out for 2022 season,95,21,97.3,4.71,86.1,0,114,12
Andrew Chafin,DET,RP,3/26/22,Strained groin,Activated,4/4/22,4/14/22,4/26/22,Activated,22,57.1,91.8,2.83,82.9,0,93,10.52
José Cisnero,DET,RP,4/3/22,Strained shoulder,Activated,4/4/22,6/3/22,7/15/22,Activated,102,25,95.7,1.08,85.4,0,97,8.28
Will Vest,DET,RP,5/20/22,Undisclosed,Activated,5/20/22,5/21/22,5/31/22,Activated,11,63,95.3,4,86.4,78.1,92,9
Wily Peralta,DET,RP,7/5/22,Strained hamstring,Activated,7/6/22,7/21/22,8/3/22,Activated,28,38.1,95.5,2.58,83.6,0,91,7.51
Joe Jiménez,DET,RP,9/20/22,Strained back,15-Day IL,9/21/22,10/6/22,10/6/22,Out for 2022 season,15,56.2,95.9,3.49,84.8,0,121,12.23
Ronald Bolaños,KCR,RP,5/20/22,Undisclosed,Activated,5/20/22,5/21/22,5/22/22,Activated,2,18.1,93.5,4.42,84.1,77,87,5.89
Amir Garrett,KCR,RP,5/25/22,Undisclosed,Activated,5/26/22,5/27/22,6/12/22,Activated,17,45.1,94.2,4.96,84.7,0,89,9.73
Gabe Speier,KCR,RP,5/25/22,Undisclosed,Activated,5/30/22,5/31/22,6/17/22,Activated,18,19.1,93.7,2.33,81.9,0,90,6.52
Matt Peacock,KCR,RP,5/25/22,Undisclosed,Activated,5/30/22,5/31/22,6/17/22,Activated,18,10,0,5.4,87.2,0,74,5.4
Joel Payamps,KCR,RP,6/13/22,Undisclosed,Activated,6/13/22,6/14/22,7/2/22,Activated,19,55.2,94.9,3.23,82.2,0,99,6.63
Josh Staumont,KCR,RP,6/21/22,Strained neck,Activated,6/23/22,7/8/22,7/15/22,Activated,22,37.2,96.3,6.45,0,82.2,110,10.27
Taylor Clarke,KCR,RP,8/7/22,Strained oblique,Activated,8/8/22,8/23/22,9/29/22,Activated,52,49,95.7,4.04,88.4,0,108,8.82
Josh Staumont,KCR,RP,8/23/22,Biceps tendinitis,15-Day IL,8/24/22,9/8/22,10/6/22,No timetable for return,43,37.2,96.3,6.45,0,82.2,110,10.27
Taylor Clarke,KCR,RP,10/3/22,Strained oblique,15-Day IL,10/4/22,10/19/22,10/6/22,Out for 2022 season,2,49,95.7,4.04,88.4,0,108,8.82
Jake Brentz,KCR,RP,7/21/22,Tommy John surgery,60-Day IL,4/30/22,6/29/22,10/6/22,Out for 2022 season,159,5.1,96.3,23.63,84.8,0,89,15.19
Cody Stashak,MIN,RP,3/26/22,Strained biceps,Activated,4/4/22,4/14/22,4/17/22,Activated,13,16.1,90.9,3.86,82,0,110,8.27
Danny Coulombe,MIN,RP,5/10/22,Hip impingement,Activated,5/11/22,5/26/22,5/26/22,Activated,15,12.1,91.8,1.46,82.8,79.3,108,6.57
Trevor Megill,MIN,RP,6/14/22,Shoulder impingement,Activated,6/16/22,7/1/22,7/4/22,Activated,18,45,98,4.8,88.5,0,116,9.8
Joe Smith,MIN,RP,6/23/22,Strained back,Activated,6/24/22,7/9/22,7/13/22,Activated,19,27.1,86.2,4.61,76.9,0,96,5.6
Caleb Thielbar,MIN,RP,7/17/22,Strained hamstring,Activated,7/19/22,8/3/22,8/3/22,Activated,15,59.1,92.9,3.49,81.3,73,116,12.13
Cole Sands,MIN,RP,8/23/22,Elbow contusion,Activated,8/24/22,9/8/22,9/8/22,Activated,15,30.2,91.7,5.87,0,78.6,77,8.22
Trevor Megill,MIN,RP,9/17/22,Undisclosed,Activated,9/17/22,9/18/22,9/20/22,Activated,3,45,98,4.8,88.5,0,116,9.8
Trevor Megill,MIN,RP,10/2/22,Strained oblique,15-Day IL,10/3/22,10/18/22,10/6/22,Out for 2022 season,3,45,98,4.8,88.5,0,116,9.8
Jhon Romero,MIN,RP,4/19/22,Biceps tendinitis,60-Day IL,4/20/22,6/19/22,10/6/22,No timetable for return,169,5,94.4,3.6,82.9,0,86,10.8
Cody Stashak,MIN,RP,6/16/22,Shoulder surgery (torn labrum),60-Day IL,5/22/22,7/21/22,10/6/22,Out for 2022 season,137,16.1,90.9,3.86,82,0,110,8.27
Danny Coulombe,MIN,RP,Jul' 22,Hip surgery,60-Day IL,5/28/22,7/27/22,10/6/22,Out for 2022 season,131,12.1,91.8,1.46,82.8,79.3,108,6.57
Jorge Alcala,MIN,RP,8/3/22,Elbow debridement surgery,60-Day IL,4/11/22,6/10/22,10/6/22,Out for 2022 season,178,2.1,95.2,0,86.1,0,105,7.71
Zack Britton,NYY,RP,9/8/21,Tommy John surgery,Activated,4/4/22,6/3/22,9/22/22,Activated,171,0.2,92.3,13.5,78.7,0,72,13.5
Aroldis Chapman,NYY,RP,5/22/22,Achilles tendinitis,Activated,5/23/22,6/7/22,7/1/22,Activated,39,36.1,97.5,4.46,85.8,0,128,10.65
Jonathan Loáisiga,NYY,RP,5/22/22,Shoulder inflammation,Activated,5/23/22,6/7/22,7/14/22,Activated,52,48,98.1,4.13,0,86.9,121,6.94
Ron Marinaccio,NYY,RP,7/2/22,Shoulder inflammation,Activated,7/3/22,7/18/22,7/24/22,Activated,21,44,94.6,2.05,80.4,0,122,11.45
Miguel Castro,NYY,RP,7/10/22,Strained shoulder,Activated,7/13/22,9/11/22,10/3/22,Activated,82,29,0,4.03,85.4,0,99,9.62
Clay Holmes,NYY,RP,8/12/22,Back spasms,Activated,8/14/22,8/29/22,8/29/22,Activated,15,63.2,97.8,2.54,86,0,122,9.19
Albert Abreu,NYY,RP,8/20/22,Elbow inflammation,Activated,8/21/22,9/5/22,10/4/22,Activated,44,38.2,98.2,3.26,88.6,0,108,8.84
Scott Effross,NYY,RP,8/20/22,Strained shoulder,Activated,8/21/22,9/5/22,9/22/22,Activated,32,56.2,91,2.54,79.8,0,113,9.85
Aroldis Chapman,NYY,RP,8/27/22,Leg infection,Activated,8/24/22,9/8/22,9/16/22,Activated,23,36.1,97.5,4.46,85.8,0,128,10.65
Wandy Peralta,NYY,RP,9/18/22,Thoracic spine tightness,Activated,9/19/22,10/4/22,10/6/22,Activated,17,56.1,95.3,2.72,87.6,0,97,7.51
Ron Marinaccio,NYY,RP,10/2/22,Stress reaction -- shin,15-Day IL,10/3/22,10/18/22,10/6/22,No timetable for return,3,44,94.6,2.05,80.4,0,122,11.45
Chad Green,NYY,RP,6/1/22,Tommy John surgery,60-Day IL,5/20/22,7/19/22,10/6/22,Out for 2022 season,139,15,94.8,3,0,84.5,111,9.6
Michael King,NYY,RP,7/27/22,Elbow surgery (fracture),60-Day IL,7/23/22,9/21/22,10/6/22,Out for 2022 season,75,51,96.5,2.29,80.9,0,119,11.65
Zack Britton,NYY,RP,9/30/22,Shoulder fatigue,60-Day IL,10/1/22,11/30/22,10/6/22,Out for 2022 season,5,0.2,92.3,13.5,78.7,0,72,13.5
A.J. Puk,OAK,RP,4/18/22,Undisclosed,Activated,4/18/22,4/19/22,4/20/22,Activated,2,66.1,96.9,3.12,86.9,0,110,10.31
Lou Trivino,OAK,RP,4/18/22,Undisclosed,Activated,4/18/22,4/19/22,5/3/22,Activated,15,53.2,95.7,4.53,81.9,76.8,101,11.24
Kirby Snead,OAK,RP,4/18/22,Undisclosed,Activated,4/18/22,4/19/22,4/23/22,Activated,5,44.2,93.7,5.84,82,0,87,7.05
Dany Jiménez,OAK,RP,6/18/22,Strained shoulder,Activated,6/19/22,7/4/22,8/2/22,Activated,44,34.1,94.2,3.41,81.9,0,105,8.91
Sam Moll,OAK,RP,6/21/22,Undisclosed,Activated,6/21/22,6/22/22,6/23/22,Activated,2,43.1,0,2.91,81.7,0,83,9.55
Zach Jackson,OAK,RP,8/24/22,Shoulder inflammation,15-Day IL,8/27/22,9/11/22,10/6/22,No timetable for return,40,48,94.6,3,85.2,0,107,12.56
Sam Moll,OAK,RP,9/15/22,Strained shoulder,15-Day IL,9/16/22,10/1/22,10/6/22,No timetable for return,20,43.1,0,2.91,81.7,0,83,9.55
Joel Payamps,OAK,RP,9/20/22,Strained back (lumbar),15-Day IL,9/21/22,10/6/22,10/6/22,Out for 2022 season,15,55.2,94.9,3.23,82.2,0,99,6.63
Collin Wiles,OAK,RP,9/29/22,Strained shoulder,15-Day IL,9/30/22,10/15/22,10/6/22,Out for 2022 season,6,9.2,90.9,4.66,79.4,77,85,8.38
Dany Jiménez,OAK,RP,8/24/22,Strained shoulder,60-Day IL,8/25/22,10/24/22,10/6/22,Out for 2022 season,42,34.1,94.2,3.41,81.9,0,105,8.91
Ken Giles,SEA,RP,3/25/22,Finger discomfort,Activated,4/4/22,6/3/22,6/20/22,Activated,77,4.1,94.8,0,84.3,0,102,12.46
Sergio Romo,SEA,RP,4/11/22,Shoulder inflammation,Activated,4/12/22,4/22/22,5/13/22,Activated,31,18,85.2,7.5,77,0,87,7
Paul Sewald,SEA,RP,4/20/22,Undisclosed,Activated,4/20/22,4/21/22,4/27/22,Activated,7,64,92.5,2.67,82.8,0,133,10.13
Matt Festa,SEA,RP,5/3/22,Elbow tendinitis,Activated,5/4/22,5/19/22,5/20/22,Activated,16,54,92.6,4.17,82.9,83.9,118,10.67
Erik Swanson,SEA,RP,5/10/22,Elbow inflammation,Activated,5/11/22,5/26/22,6/10/22,Activated,30,53.2,93.7,1.68,84.9,0,107,11.74
Ken Giles,SEA,RP,7/8/22,Shoulder discomfort,Activated,7/9/22,7/24/22,8/12/22,Activated,34,4.1,94.8,0,84.3,0,102,12.46
Diego Castillo,SEA,RP,7/25/22,Shoulder inflammation,Activated,7/26/22,8/10/22,8/10/22,Activated,15,54.1,95.8,3.64,88.4,0,104,8.78
Tommy Milone,SEA,RP,7/29/22,Strained neck,Activated,7/30/22,8/14/22,8/2/22,Activated,3,16.2,86.8,5.4,78.8,76,82,2.7
Ryan Borucki,SEA,RP,8/8/22,Strained flexor,15-Day IL,8/9/22,8/24/22,10/6/22,No timetable for return,58,25.1,0,5.68,87.7,0,95,7.46
Pete Fairbanks,TBR,RP,3/27/22,Strained lat,Activated,4/4/22,6/3/22,7/17/22,Activated,104,24,99.2,1.13,85.8,0,155,14.25
JT Chargois,TBR,RP,4/8/22,Strained oblique,Activated,4/9/22,6/8/22,8/23/22,Activated,136,22.1,95.6,2.42,87.3,0,104,6.85
Chris Mazza,TBR,RP,4/17/22,Lower back spasms,Activated,4/18/22,4/28/22,6/20/22,Activated,63,5.1,91.3,11.81,77.4,0,94,8.44
Jeffrey Springs,TBR,RP,4/24/22,Undisclosed,Activated,4/24/22,4/25/22,4/25/22,Activated,1,135.1,91.7,2.46,85.4,0,93,9.58
Andrew Kittredge,TBR,RP,5/16/22,Strained lower back,Activated,5/19/22,6/3/22,6/5/22,Activated,17,20,96.5,3.15,89.1,0,116,6.3
Phoenix Sanders,TBR,RP,5/22/22,Lower back spasms,Activated,5/3/22,5/18/22,5/18/22,Activated,15,14.2,89.8,3.07,82,0,75,7.36
Jeffrey Springs,TBR,RP,7/5/22,Lower leg tightness,Activated,7/7/22,7/22/22,7/24/22,Activated,17,135.1,91.7,2.46,85.4,0,93,9.58
Jalen Beeks,TBR,RP,7/14/22,Lower leg tightness,Activated,7/15/22,7/30/22,7/30/22,Activated,15,61,95.3,2.8,82.1,0,100,10.33
Matt Wisler,TBR,RP,7/16/22,Strained neck,Activated,7/24/22,8/8/22,9/1/22,Activated,39,44,90,2.25,79.8,0,103,7.16
Jalen Beeks,TBR,RP,9/17/22,Lower leg tightness,Activated,9/18/22,10/3/22,10/6/22,Activated,18,61,95.3,2.8,82.1,0,100,10.33
Colin Poche,TBR,RP,10/4/22,Strained oblique,15-Day IL,10/5/22,10/20/22,10/6/22,No timetable for return,1,58.2,93.5,3.99,82.1,78.8,132,9.82
J.P. Feyereisen,TBR,RP,6/2/22,Shoulder impingement,60-Day IL,6/3/22,8/2/22,10/6/22,Questionable for 2022 season,125,24.1,92.7,0,84,0,111,9.25
Andrew Kittredge,TBR,RP,6/22/22,Tommy John surgery,60-Day IL,6/8/22,8/7/22,10/6/22,Out for 2022 season,120,20,96.5,3.15,89.1,0,116,6.3
Ryan Thompson,TBR,RP,8/25/22,Triceps inflammation,60-Day IL,8/27/22,10/26/22,10/6/22,Out for 2022 season,40,42.2,91.9,3.8,79.5,0,116,8.23
José Leclerc,TEX,RP,3/30/21,Tommy John surgery,Activated,4/4/22,6/3/22,6/16/22,Activated,73,47.2,96.4,2.83,83.3,0,104,10.2
Jonathan Hernández,TEX,RP,4/12/21,Tommy John surgery,Activated,4/4/22,6/3/22,7/15/22,Activated,102,30.1,96.2,2.97,87.3,0,109,8.01
Garrett Richards,TEX,RP,4/2/22,Blister (middle finger),Activated,4/4/22,4/14/22,4/14/22,Activated,10,42.2,94.4,5.27,88.6,76.7,99,7.59
Dennis Santana,TEX,RP,4/14/22,Flu-like symptoms,Activated,4/14/22,4/15/22,4/24/22,Activated,10,58.2,97.7,5.22,85.8,0,104,8.28
Josh Sborz,TEX,RP,4/15/22,Elbow soreness,Activated,4/16/22,4/26/22,5/1/22,Activated,15,22.1,97,6.45,87.7,85.4,103,12.9
Spencer Patton,TEX,RP,4/21/22,Strained oblique,Activated,4/22/22,5/2/22,5/11/22,Activated,19,7,92.4,3.86,81.7,0,88,6.43
Albert Abreu,TEX,RP,4/29/22,Sprained ankle,Activated,4/30/22,5/15/22,5/24/22,Activated,24,38.2,98.2,3.26,88.6,0,108,8.84
Brett Martin,TEX,RP,6/7/22,Undisclosed,Activated,6/7/22,6/8/22,6/16/22,Activated,9,50,93.6,4.14,86.8,82.8,103,7.2
Matt Bush,TEX,RP,6/24/22,Forearm discomfort,Activated,6/25/22,7/10/22,7/10/22,Activated,15,59.2,97.4,3.47,0,81,128,11.16
Joe Barlow,TEX,RP,7/12/22,Blister (index finger),Activated,7/13/22,7/28/22,8/17/22,Activated,35,35,94.7,3.86,87.3,81.3,119,7.2
Dennis Santana,TEX,RP,8/2/22,Sprained ankle,Activated,8/3/22,8/18/22,8/23/22,Activated,20,58.2,97.7,5.22,85.8,0,104,8.28
Joe Barlow,TEX,RP,8/17/22,Blister (index finger),Activated,8/18/22,9/2/22,9/23/22,Activated,36,35,94.7,3.86,87.3,81.3,119,7.2
Brett Martin,TEX,RP,9/16/22,Strained shoulder,15-Day IL,9/27/22,10/12/22,10/6/22,Out for 2022 season,9,50,93.6,4.14,86.8,82.8,103,7.2
Josh Sborz,TEX,RP,8/27/22,Sprained elbow,60-Day IL,8/28/22,10/27/22,10/6/22,Out for 2022 season,39,22.1,97,6.45,87.7,85.4,103,12.9
Ryan Borucki,TOR,RP,3/26/22,Strained hamstring,Activated,4/4/22,4/14/22,4/17/22,Activated,13,25.1,0,5.68,87.7,0,95,7.46
Ryan Borucki,TOR,RP,4/26/22,Blister (middle finger),Activated,4/27/22,5/7/22,5/7/22,Activated,10,25.1,0,5.68,87.7,0,95,7.46
Tim Mayza,TOR,RP,5/14/22,Forearm inflammation,Activated,5/15/22,5/30/22,6/11/22,Activated,27,48.2,93.7,3.14,88.6,0,108,8.14
Andrew Vasquez,TOR,RP,6/8/22,Sprained ankle,Activated,6/9/22,6/24/22,8/2/22,Activated,54,8.2,0,6.23,0,80.1,102,10.38
Julian Merryweather,TOR,RP,6/13/22,Strained oblique,Activated,6/14/22,8/13/22,9/5/22,Activated,83,26.2,97.4,6.75,87.7,80.3,122,7.76
Trevor Richards,TOR,RP,6/17/22,Strained neck,Activated,6/18/22,7/3/22,7/3/22,Activated,15,64,93.4,5.34,0,85.1,103,11.53
Yimi García,TOR,RP,6/21/22,Strained back,Activated,6/22/22,7/7/22,7/8/22,Activated,16,61,94.9,3.1,89.4,82.4,104,8.56
Tim Mayza,TOR,RP,8/6/22,Shoulder dislocation (non-throwing),Activated,8/7/22,8/22/22,8/23/22,Activated,16,48.2,93.7,3.14,88.6,0,108,8.14
Tayler Saucedo,TOR,RP,4/29/22,Hip discomfort,60-Day IL,4/30/22,6/29/22,10/6/22,Rehab assignment (7/24),159,2.2,93,13.5,83.9,77.1,100,0
Luke Weaver,ARI,RP,4/7/22,Elbow inflammation,Activated,4/8/22,6/7/22,6/12/22,Activated,65,35.2,94.8,6.56,84.6,80.1,94,9.59
Sean Poppen,ARI,RP,4/19/22,Shoulder inflammation,Activated,4/20/22,4/30/22,5/15/22,Activated,25,28.2,0,4.4,83.5,0,84,6.91
J.B. Wendelken,ARI,RP,4/28/22,Undisclosed,Activated,4/28/22,4/29/22,5/7/22,Activated,9,29,94.8,5.28,85.9,80.4,104,6.52
Mark Melancon,ARI,RP,4/29/22,Undisclosed,Activated,4/29/22,4/30/22,5/6/22,Activated,7,56,91.2,4.66,84.1,0,97,5.63
Keynan Middleton,ARI,RP,5/16/22,Elbow inflammation,Activated,5/17/22,6/1/22,6/3/22,Activated,17,17,94.8,5.29,84.6,0,107,7.94
Kyle Nelson,ARI,RP,5/18/22,Undisclosed,Activated,5/18/22,5/19/22,5/28/22,Activated,10,37,91.7,2.19,84.3,77,91,7.3
Zach Davies,ARI,RP,6/25/22,Shoulder inflammation,Activated,6/26/22,7/11/22,8/1/22,Activated,36,134.1,0,4.09,76,74.7,77,6.83
Ian Kennedy,ARI,RP,7/3/22,Strained calf,Activated,7/4/22,7/19/22,7/20/22,Activated,16,50.1,93.2,5.36,0,0,97,7.87
Keynan Middleton,ARI,RP,7/25/22,Strained ankle,Activated,7/26/22,8/10/22,9/1/22,Activated,37,17,94.8,5.29,84.6,0,107,7.94
Caleb Smith,ARI,RP,7/30/22,Fractured hand (non-throwing),Activated,7/31/22,8/10/22,8/29/22,Activated,29,70,91.8,4.11,85.4,78.9,93,8.36
Kyle Nelson,ARI,RP,8/2/22,Lower back spasms,Activated,8/5/22,8/20/22,9/1/22,Activated,27,37,91.7,2.19,84.3,77,91,7.3
Kyle Nelson,ARI,RP,9/12/22,Elbow inflammation,15-Day IL,9/13/22,9/28/22,10/6/22,No timetable for return,23,37,91.7,2.19,84.3,77,91,7.3
Keynan Middleton,ARI,RP,9/16/22,Sprained toe,15-Day IL,9/17/22,10/2/22,10/6/22,No timetable for return,19,17,94.8,5.29,84.6,0,107,7.94
Kirby Yates,ATL,RP,3/24/21,Tommy John surgery,Activated,4/4/22,6/3/22,8/10/22,Activated,128,7,93.4,5.14,84.2,0,95,7.71
Jay Jackson,ATL,RP,Mar '22,Strained lat,Activated,4/4/22,6/3/22,7/2/22,Activated,89,1.1,92.4,0,83.8,0,103,6.75
Collin McHugh,ATL,RP,6/7/22,Undisclosed,Activated,6/7/22,6/8/22,6/16/22,Activated,9,69.1,91.3,2.6,80.2,74.5,110,9.74
Kenley Jansen,ATL,RP,6/26/22,Irregular heartbeat,Activated,6/27/22,7/12/22,7/13/22,Activated,16,64,0,3.38,81.2,0,132,11.95
Jackson Stephens,ATL,RP,8/26/22,Concussion,Activated,8/27/22,9/3/22,9/4/22,Activated,8,53.2,94.1,3.69,86.9,76.8,88,7.88
Kirby Yates,ATL,RP,9/10/22,Elbow inflammation,15-Day IL,9/13/22,9/28/22,10/6/22,No timetable for return,23,7,93.4,5.14,84.2,0,95,7.71
Darren O'Day,ATL,RP,7/11/22,Strained calf,60-Day IL,7/12/22,9/10/22,10/6/22,No timetable for return,86,21.2,85.9,4.15,78.2,0,102,10.8
Tommy Nance,CHC,RP,3/19/22,Undisclosed,Activated,3/19/22,3/20/22,3/25/22,Activated,6,43.2,93.8,4.33,86.9,85.3,114,11.75
Manuel Rodríguez,CHC,RP,4/12/22,Strained elbow,Activated,6/1/22,7/31/22,8/26/22,Activated,86,13.2,95.3,3.29,87.2,0,112,5.27
Sean Newcomb,CHC,RP,5/7/22,Sprained ankle,Activated,5/8/22,5/23/22,6/12/22,Activated,35,27.2,94.5,8.78,0,78.8,92,9.11
David Robertson,CHC,RP,5/9/22,Undisclosed,Activated,5/9/22,5/10/22,5/18/22,Activated,9,63.2,0,2.4,83.5,0,116,11.45
Michael Rucker,CHC,RP,5/16/22,Turf toe,Activated,5/17/22,6/1/22,6/1/22,Activated,15,54.2,94.9,3.95,86.4,80.6,104,8.23
Daniel Norris,CHC,RP,6/22/22,Strained finger (left index),Activated,6/23/22,7/8/22,7/13/22,Activated,20,58.2,91.5,5.22,79.6,76.1,95,10.12
Steven Brault,CHC,RP,8/2/22,Undisclosed,Activated,8/2/22,8/3/22,8/17/22,Activated,15,9,91.2,3,81.9,0,93,8
Steven Brault,CHC,RP,8/23/22,Strained shoulder,15-Day IL,8/24/22,9/8/22,10/6/22,No timetable for return,43,9,91.2,3,81.9,0,93,8
Ethan Roberts,CHC,RP,7/13/22,Tommy John surgery,60-Day IL,4/30/22,6/29/22,10/6/22,Out for 2022 season,159,7.2,93.7,8.22,82.9,80.5,109,10.57
Lucas Sims,CIN,RP,Feb '22,Elbow/back soreness,Activated,4/4/22,4/14/22,4/22/22,Activated,18,6.2,93.8,9.45,84.1,80.9,107,6.75
Daniel Duarte,CIN,RP,4/16/22,Elbow inflammation,Activated,4/17/22,6/16/22,9/25/22,Activated,161,2.2,96.2,10.12,83.4,0,119,6.75
Alexis Díaz,CIN,RP,6/14/22,Biceps tendinitis,Activated,6/16/22,7/1/22,7/8/22,Activated,22,63.2,95.8,1.84,86.9,81.4,113,11.73
Jeff Hoffman,CIN,RP,6/24/22,Undisclosed,Activated,6/24/22,6/25/22,6/29/22,Activated,5,44.2,94.4,3.83,81.2,0,94,9.07
Art Warren,CIN,RP,7/2/22,Strained forearm,Activated,7/3/22,7/18/22,8/17/22,Activated,45,36,93.6,6.5,85.5,0,98,10
Ross Detwiler,CIN,RP,7/7/22,Lower back discomfort,Activated,7/8/22,7/23/22,7/29/22,Activated,21,26.1,92.5,4.44,0,77,79,9.57
Luis Cessa,CIN,RP,7/7/22,Abdominal discomfort,Activated,7/8/22,7/23/22,8/2/22,Activated,25,80.2,93.5,4.57,82.9,0,91,6.58
Dauri Moreta,CIN,RP,7/16/22,Undisclosed,Activated,7/16/22,7/17/22,7/20/22,Activated,4,38.1,96.1,5.4,85.7,0,95,9.16
Justin Wilson,CIN,RP,6/3/22,Tommy John surgery,60-Day IL,4/24/22,6/23/22,10/6/22,Out for 2022 season,165,3.2,95.3,2.45,86,0,105,17.18
Tony Santillan,CIN,RP,6/13/22,Strained lower back,60-Day IL,6/14/22,8/13/22,10/6/22,Doubtful for 2022 season,114,19.2,96.3,5.49,86.5,0,103,9.61
Lucas Sims,CIN,RP,Jul '22,Back surgery,60-Day IL,5/11/22,7/10/22,10/6/22,Out for 2022 season,148,6.2,93.8,9.45,84.1,80.9,107,6.75
Jeff Hoffman,CIN,RP,7/23/22,Forearm tightness,60-Day IL,7/24/22,9/22/22,10/6/22,Out for 2022 season,74,44.2,94.4,3.83,81.2,0,94,9.07
Art Warren,CIN,RP,Sep '22,Elbow surgery,60-Day IL,9/25/22,11/24/22,10/6/22,Out for 2022 season,11,36,93.6,6.5,85.5,0,98,10
Robert Stephenson,COL,RP,4/6/22,Undisclosed,Activated,4/6/22,4/7/22,4/19/22,Activated,13,58,96.9,5.43,83.9,77.5,111,8.53
Lucas Gilbreath,COL,RP,4/6/22,Undisclosed,Activated,4/6/22,4/7/22,4/19/22,Activated,13,43,93.8,4.19,82.7,0,95,10.26
Robert Stephenson,COL,RP,5/23/22,Undisclosed,Activated,5/23/22,5/24/22,5/27/22,Activated,4,58,96.9,5.43,83.9,77.5,111,8.53
Ty Blach,COL,RP,6/10/22,Strained wrist,Activated,6/11/22,6/26/22,6/27/22,Activated,16,44.1,91.2,5.89,0,79.2,62,5.89
Jhoulys Chacín,COL,RP,7/23/22,Toe sesamoiditis,Activated,7/24/22,8/8/22,8/19/22,Activated,26,47.1,92.8,7.61,87,79.8,88,7.04
Alex Colomé,COL,RP,8/11/22,Elbow discomfort (lateral epicondylitis),Activated,8/12/22,8/27/22,8/28/22,Activated,16,47,94.5,5.74,0,0,97,6.13
Carlos Estévez,COL,RP,9/27/22,Undisclosed,CV-19 IL,9/27/22,9/28/22,10/6/22,No timetable for return,9,57,97.5,3.47,87.3,0,104,8.53
Lucas Gilbreath,COL,RP,8/26/22,Strained flexor tendon,15-Day IL,8/27/22,9/11/22,10/6/22,Out for 2022 season,40,43,93.8,4.19,82.7,0,95,10.26
Tyler Kinley,COL,RP,6/8/22,Strained elbow,60-Day IL,6/9/22,8/8/22,10/6/22,Out for 2022 season,119,24,95.7,0.75,89.5,0,97,10.13
Dylan Floro,MIA,RP,Mar '22,Rotator cuff tendinitis,Activated,4/4/22,4/14/22,5/9/22,Activated,35,53.2,92.5,3.02,84.1,0,100,8.05
Richard Bleier,MIA,RP,5/8/22,Undisclosed,Activated,5/8/22,5/9/22,5/26/22,Activated,18,50.2,90.9,3.55,77.7,0,97,5.68
Anthony Bender,MIA,RP,5/18/22,Back tightness,Activated,5/22/22,7/21/22,8/2/22,Activated,72,19.1,98.1,3.26,84.9,0,110,7.91
Cole Sulser,MIA,RP,6/12/22,Strained lat,Activated,6/13/22,8/12/22,8/16/22,Activated,64,34,91.8,5.29,84,77.8,91,10.06
Louis Head,MIA,RP,6/22/22,Shoulder impingement,Activated,6/23/22,7/8/22,7/12/22,Activated,19,28.2,93.6,6.28,82.5,0,105,8.16
Jimmy Yacabonis,MIA,RP,7/11/22,Strained groin,Activated,7/13/22,7/28/22,7/30/22,Activated,17,14,0,8.36,81.6,0,90,13.5
Elieser Hernández,MIA,RP,7/19/22,Undisclosed,Activated,7/19/22,7/20/22,8/6/22,Activated,18,62.1,91.6,6.35,80.1,0,89,8.66
Tommy Nance,MIA,RP,7/23/22,Strained groin,Activated,7/24/22,8/8/22,8/13/22,Activated,20,43.2,93.8,4.33,86.9,85.3,114,11.75
Braxton Garrett,MIA,RP,8/14/22,Strained oblique,Activated,8/17/22,9/1/22,9/12/22,Activated,26,88,91.5,3.58,84.1,78.7,94,9.2
Tommy Nance,MIA,RP,9/13/22,Strained groin,Activated,9/14/22,9/29/22,9/29/22,Activated,15,43.2,93.8,4.33,86.9,85.3,114,11.75
Daniel Castano,MIA,RP,7/28/22,Concussion,7-Day IL,7/29/22,8/5/22,10/6/22,No timetable for return,69,35.2,91.7,4.04,81.2,0,78,5.05
Steven Okert,MIA,RP,9/21/22,Triceps tightness,15-Day IL,9/26/22,10/11/22,10/6/22,Out for 2022 season,10,51.1,93.7,2.98,82,0,114,11.05
Jordan Holloway,MIA,RP,8/9/22,Arthoscopic elbow surgery,60-Day IL,7/26/22,9/24/22,10/6/22,Out for 2022 season,72,2.2,95.1,3.37,86.6,0,110,6.75
Anthony Bender,MIA,RP,8/31/22,Tommy John surgery,60-Day IL,8/14/22,10/13/22,10/6/22,Out for 2022 season,53,19.1,98.1,3.26,84.9,0,110,7.91
Ryan Pressly,HOU,RP,4/13/22,Knee inflammation,Activated,4/14/22,4/24/22,5/5/22,Activated,21,48.1,94.5,2.98,89.7,81,142,12.1
Blake Taylor,HOU,RP,6/3/22,Elbow discomfort,Activated,6/4/22,8/3/22,9/13/22,Activated,101,16,92.7,3.94,84.4,0,95,5.06
Parker Mushinski,HOU,RP,6/6/22,Elbow discomfort,Activated,6/7/22,6/22/22,7/21/22,Activated,44,7.1,92.3,3.68,79.4,80,104,9.82
Ryan Pressly,HOU,RP,8/21/22,Neck spasms,Activated,8/22/22,9/6/22,9/9/22,Activated,18,48.1,94.5,2.98,89.7,81,142,12.1
Tommy Kahnle,LAD,RP,8/4/20,Tommy John surgery,Activated,4/4/22,4/14/22,5/1/22,Activated,27,12.2,95.6,2.84,0,0,103,9.95
Caleb Ferguson,LAD,RP,9/23/20,Tommy John surgery,Activated,4/4/22,4/14/22,5/16/22,Activated,42,34.2,94.7,1.82,0,78.3,96,9.61
Blake Treinen,LAD,RP,4/14/22,Shoulder discomfort,Activated,4/18/22,6/17/22,9/2/22,Activated,137,5,97.1,1.8,85.1,0,98,10.8
David Price,LAD,RP,4/24/22,COVID-19,Activated,4/24/22,4/25/22,5/17/22,Activated,23,40.1,92.5,2.45,0,0,78,8.26
Mitch White,LAD,RP,4/30/22,Undisclosed,Activated,4/30/22,5/1/22,5/17/22,Activated,17,99,93.7,5.45,85.4,80.2,95,7.09
Tommy Kahnle,LAD,RP,5/13/22,Forearm inflammation,Activated,5/14/22,7/13/22,9/13/22,Activated,122,12.2,95.6,2.84,0,0,103,9.95
Caleb Ferguson,LAD,RP,6/14/22,Forearm tendinitis,Activated,6/17/22,7/2/22,7/6/22,Activated,19,34.2,94.7,1.82,0,78.3,96,9.61
Brusdar Graterol,LAD,RP,7/10/22,Shoulder inflammation,Activated,7/11/22,7/26/22,8/22/22,Activated,42,49.2,99.4,3.26,90.5,0,121,7.79
Yency Almonte,LAD,RP,8/3/22,Elbow tightness,Activated,8/4/22,8/19/22,9/28/22,Activated,55,35.1,95.8,1.02,84,0,112,8.41
Brusdar Graterol,LAD,RP,8/28/22,Elbow inflammation,Activated,8/29/22,9/13/22,9/22/22,Activated,24,49.2,99.4,3.26,90.5,0,121,7.79
David Price,LAD,RP,8/29/22,Wrist inflammation,Activated,9/1/22,9/16/22,9/27/22,Activated,26,40.1,92.5,2.45,0,0,78,8.26
Blake Treinen,LAD,RP,9/5/22,Shoulder tightness,Activated,9/7/22,9/22/22,10/6/22,Activated,29,5,97.1,1.8,85.1,0,98,10.8
Phil Bickford,LAD,RP,9/23/22,Shoulder fatigue,15-Day IL,9/25/22,10/10/22,10/6/22,No timetable for return,11,61,94.1,4.72,83.3,0,112,9.89
Daniel Hudson,LAD,RP,6/24/22,Torn knee ligament,60-Day IL,6/25/22,8/24/22,10/6/22,Out for 2022 season,103,24.1,97.1,2.22,88.8,0,108,11.1
Justin Topa,MIL,RP,Sep '21,Flexor tendon surgery,Activated,4/4/22,6/3/22,8/13/22,Activated,131,7.1,0,4.91,81.5,0,81,4.91
Jake Cousins,MIL,RP,4/30/22,Elbow effusion,Activated,5/1/22,6/30/22,8/24/22,Activated,115,13.1,95.8,2.7,82.9,0,105,14.18
Jandel Gustave,MIL,RP,5/14/22,Strained hamstring,Activated,5/15/22,5/30/22,6/25/22,Activated,41,28,96.2,3.86,86.2,0,104,8.68
Luis Perdomo,MIL,RP,5/28/22,Elbow effusion,Activated,5/27/22,6/11/22,8/2/22,Activated,67,23.2,0,3.8,85.2,0,94,4.56
Trevor Gott,MIL,RP,6/5/22,Strained groin,Activated,6/6/22,6/21/22,6/25/22,Activated,19,45.2,95.3,4.14,0,82.7,104,8.67
Trevor Gott,MIL,RP,8/10/22,Strained forearm,Activated,8/11/22,8/26/22,9/21/22,Activated,41,45.2,95.3,4.14,0,82.7,104,8.67
Matt Bush,MIL,RP,10/4/22,Non-COVID illness,CV-19 IL,10/4/22,10/5/22,10/6/22,Out for 2022 season,2,59.2,97.4,3.47,0,81,128,11.16
Jandel Gustave,MIL,RP,7/31/22,Forearm discomfort,15-Day IL,8/1/22,8/16/22,10/6/22,No timetable for return,66,28,96.2,3.86,86.2,0,104,8.68
Luis Perdomo,MIL,RP,9/23/22,Strained calf,15-Day IL,9/24/22,10/9/22,10/6/22,No timetable for return,12,23.2,0,3.8,85.2,0,94,4.56
Justin Topa,MIL,RP,10/2/22,Ankle contusion,15-Day IL,10/3/22,10/18/22,10/6/22,No timetable for return,3,7.1,0,4.91,81.5,0,81,4.91
Miguel Sánchez,MIL,RP,6/21/22,Elbow discomfort,60-Day IL,6/22/22,8/21/22,10/6/22,No timetable for return,106,13.1,94.3,4.05,82.5,0,103,6.08
Mason Thompson,WSN,RP,4/9/22,Strained biceps,Activated,4/10/22,6/9/22,7/1/22,Activated,82,24.2,95.6,2.92,84.4,0,110,5.47
Hunter Harvey,WSN,RP,4/20/22,Strained forearm,Activated,4/21/22,6/20/22,7/10/22,Activated,80,39.1,98.3,2.52,86.7,82.8,111,10.3
Josh Rogers,WSN,RP,6/2/22,Shoulder impingement,Activated,6/3/22,6/18/22,7/23/22,Activated,50,26.1,90.6,5.13,80.8,0,83,4.1
Víctor Arano,WSN,RP,6/5/22,Knee inflammation,Activated,6/6/22,6/21/22,7/22/22,Activated,46,42,94.4,4.5,84.8,0,100,9.43
Reed Garrett,WSN,RP,7/5/22,Biceps inflammation,Activated,7/6/22,7/21/22,8/4/22,Activated,29,9.1,96,6.75,0,0,104,5.79
Tyler Clippard,WSN,RP,7/14/22,Strained groin,Activated,7/19/22,8/3/22,8/12/22,Activated,24,5,87.5,7.2,82,74.4,91,7.2
Víctor Arano,WSN,RP,9/1/22,Strained shoulder,15-Day IL,9/2/22,9/17/22,10/6/22,No timetable for return,34,42,94.4,4.5,84.8,0,100,9.43
Evan Lee,WSN,RP,6/17/22,Strained flexor tendon,60-Day IL,6/18/22,8/17/22,10/6/22,Rehab assignment (8/15),110,8.2,91.9,4.15,0,80.1,97,7.27
Sean Doolittle,WSN,RP,Jul' 22,Elbow surgery (internal brace procedure),60-Day IL,4/20/22,6/19/22,10/6/22,Out for 2022 season,169,5.1,93.5,0,0,78.1,94,10.13
Tanner Rainey,WSN,RP,8/3/22,Tommy John surgery,60-Day IL,7/11/22,9/9/22,10/6/22,Out for 2022 season,87,30,97,3.3,88.4,0,129,10.8
Jake Reed,NYM,RP,Mar '22,Oblique soreness,Activated,4/4/22,4/14/22,4/20/22,Activated,16,16.2,91.8,7.02,81.8,0,92,7.02
Trevor May,NYM,RP,5/2/22,Stress reaction -- arm,Activated,5/3/22,7/2/22,8/3/22,Activated,92,25,96.2,5.04,84.8,0,107,10.8
Colin Holderman,NYM,RP,6/7/22,Shoulder impingement,Activated,6/8/22,6/23/22,6/27/22,Activated,19,28.1,96.9,3.81,86.1,79.3,106,7.62
Drew Smith,NYM,RP,7/24/22,Strained lat,Activated,7/25/22,8/9/22,9/20/22,Activated,57,46,95.8,3.33,85.4,77.7,115,10.37
Tommy Hunter,NYM,RP,8/4/22,Lower back tightness,Activated,8/5/22,8/20/22,8/26/22,Activated,21,22.1,93.4,2.42,0,84.5,96,8.87
Trevor May,NYM,RP,9/3/22,Undisclosed,Activated,9/3/22,9/4/22,9/12/22,Activated,9,25,96.2,5.04,84.8,0,107,10.8
Mychal Givens,NYM,RP,9/17/22,Undisclosed,Activated,9/17/22,9/18/22,10/5/22,Activated,18,61.1,93.6,3.37,84.7,0,92,10.42
Bryce Montes de Oca,NYM,RP,9/10/22,Strained hamstring,15-Day IL,9/11/22,9/26/22,10/6/22,No timetable for return,25,3.1,0,10.8,86.8,0,115,16.2
Tommy Hunter,NYM,RP,9/14/22,Lower back tightness,15-Day IL,9/17/22,10/2/22,10/6/22,No timetable for return,19,22.1,93.4,2.42,0,84.5,96,8.87
Sean Reid-Foley,NYM,RP,5/11/22,Tommy John surgery,60-Day IL,5/1/22,6/30/22,10/6/22,Out for 2022 season,158,10,96,5.4,86.2,0,109,7.2
JoJo Romero,PHI,RP,5/25/21,Tommy John surgery,Activated,4/4/22,6/3/22,7/15/22,Activated,102,16.1,95.6,4.96,84,0,86,9.37
Sam Coonrod,PHI,RP,3/23/22,Strained shoulder,Activated,4/4/22,6/3/22,8/15/22,Activated,133,12.2,97.1,7.82,92.9,85.4,109,8.53
Corey Knebel,PHI,RP,4/11/22,Flu-like symptoms,Activated,4/12/22,4/13/22,4/13/22,Activated,1,44.2,95.8,3.43,79.6,0,111,8.26
Connor Brogdon,PHI,RP,6/25/22,Undisclosed,Activated,6/25/22,6/26/22,7/15/22,Activated,20,44,95.3,3.27,0,0,105,10.23
Seranthony Domínguez,PHI,RP,8/20/22,Triceps soreness,Activated,8/17/22,9/1/22,9/11/22,Activated,25,51,97.8,3,89.5,0,123,10.76
Brad Hand,PHI,RP,9/20/22,Elbow tendinitis,Activated,9/22/22,10/7/22,10/6/22,Activated,14,45,92.8,2.8,79.3,0,91,7.6
Damon Jones,PHI,RP,5/19/22,Shoulder impingement,60-Day IL,6/27/22,8/26/22,10/6/22,No timetable for return,101,4.2,93.3,9.64,81.1,80.2,102,9.64
Corey Knebel,PHI,RP,8/14/22,Strained lat/Torn shoulder capsule,60-Day IL,8/15/22,10/14/22,10/6/22,Out for 2022 season,52,44.2,95.8,3.43,79.6,0,111,8.26
Mark Appel,PHI,RP,9/3/22,Elbow inflammation,60-Day IL,9/12/22,11/11/22,10/6/22,Out for 2022 season,24,10.1,94.7,1.74,83.1,0,88,4.35
Nick Mears,PIT,RP,2/9/21,Arthroscopic elbow surgery,Activated,4/4/22,6/3/22,8/20/22,Activated,138,2,96.9,0,85.2,80.1,113,9
Anthony Banda,PIT,RP,4/26/22,Non-viral illness,Activated,4/23/22,5/3/22,5/3/22,Activated,10,26.2,95.2,6.75,84.7,81.1,89,10.12
Heath Hembree,PIT,RP,5/20/22,Strained calf,Activated,5/21/22,6/5/22,6/14/22,Activated,24,22,94.4,7.36,84.2,79.5,103,6.95
Dillon Peters,PIT,RP,6/1/22,Strained lower back,Activated,6/3/22,6/18/22,7/12/22,Activated,39,39.1,93.1,4.58,84.7,77.3,82,5.95
Yerry De Los Santos,PIT,RP,7/3/22,Undisclosed,Activated,7/3/22,7/4/22,7/6/22,Activated,3,25.2,95.2,4.91,83.9,0,100,9.12
Chase De Jong,PIT,RP,7/16/22,Knee tendinitis,Activated,7/17/22,8/1/22,8/2/22,Activated,16,71.2,93,2.64,83.6,77.7,97,7.41
David Bednar,PIT,RP,7/29/22,Lower back inflammation,Activated,7/31/22,8/15/22,9/22/22,Activated,53,51.2,96.6,2.61,0,77.1,112,12.02
Dillon Peters,PIT,RP,8/3/22,Elbow inflammation,Activated,8/4/22,8/19/22,9/15/22,Activated,42,39.1,93.1,4.58,84.7,77.3,82,5.95
Eric Stout,PIT,RP,9/21/22,Lower back discomfort,15-Day IL,9/22/22,10/7/22,10/6/22,Out for 2022 season,14,22.1,92.2,5.64,80.1,77.8,91,10.07
Wil Crowe,PIT,RP,9/27/22,Elbow inflammation,15-Day IL,9/28/22,10/13/22,10/6/22,Out for 2022 season,8,76,95.3,4.38,87.6,81.6,99,8.05
Colin Holderman,PIT,RP,8/24/22,Shoulder discomfort,60-Day IL,8/25/22,10/24/22,10/6/22,Out for 2022 season,42,28.1,96.9,3.81,86.1,79.3,106,7.62
Drew VerHagen,STL,RP,4/21/22,Hip impingement,Activated,4/22/22,5/2/22,5/14/22,Activated,22,21.2,95.1,6.65,81.4,78.2,93,7.48
Jordan Hicks,STL,RP,5/24/22,Strained forearm,Activated,5/25/22,6/9/22,7/2/22,Activated,38,61.1,98,4.84,84.7,0,121,9.24
T.J. McFarland,STL,RP,6/22/22,COVID-19,Activated,6/22/22,6/23/22,7/11/22,Activated,19,32.2,0,6.61,79.5,0,73,4.41
Drew VerHagen,STL,RP,6/23/22,Shoulder impingement,Activated,6/24/22,7/9/22,7/13/22,Activated,19,21.2,95.1,6.65,81.4,78.2,93,7.48
Génesis Cabrera,STL,RP,6/25/22,Undisclosed,Activated,6/25/22,6/26/22,7/8/22,Activated,13,44.2,96.2,4.63,87.4,79.3,100,6.45
Jordan Hicks,STL,RP,9/14/22,Arm fatigue,Activated,9/15/22,9/30/22,10/5/22,Activated,20,61.1,98,4.84,84.7,0,121,9.24
Drew VerHagen,STL,RP,Aug '22,Hip surgery,15-Day IL,7/15/22,7/30/22,10/6/22,Out for 2022 season,83,21.2,95.1,6.65,81.4,78.2,93,7.48
Michel Baez,SDP,RP,3/30/21,Tommy John surgery,Activated,4/4/22,6/3/22,6/6/22,Activated,63,2,94.6,0,86.1,0,105,9
Adrian Morejon,SDP,RP,4/20/21,Tommy John surgery,Activated,4/4/22,6/3/22,6/6/22,Activated,63,34,96.7,4.24,87.6,80.2,120,7.41
Luis García,SDP,RP,3/21/22,Side discomfort,Activated,4/4/22,4/14/22,4/15/22,Activated,11,61,97.3,3.39,82.7,0,121,10.03
Pierce Johnson,SDP,RP,4/20/22,Elbow tendinitis,Activated,4/21/22,6/20/22,9/10/22,Activated,142,14.1,94.7,5.02,0,84.3,110,13.19
Tim Hill,SDP,RP,5/4/22,Shoulder inflammation,Activated,5/5/22,5/20/22,5/20/22,Activated,15,48,91.5,3.56,82.3,0,102,4.69
Robert Suarez,SDP,RP,6/9/22,Knee surgery (loose bodies),Activated,6/6/22,8/5/22,8/6/22,Activated,61,47.2,97.9,2.27,0,80.6,117,11.52
Adrian Morejon,SDP,RP,6/11/22,Undisclosed,Activated,6/11/22,6/12/22,6/16/22,Activated,5,34,96.7,4.24,87.6,80.2,120,7.41
Adrian Morejon,SDP,RP,6/22/22,Shoulder inflammation,Activated,6/23/22,7/8/22,7/13/22,Activated,20,34,96.7,4.24,87.6,80.2,120,7.41
Steven Wilson,SDP,RP,6/25/22,Hamstring tendinitis,Activated,6/26/22,7/11/22,7/15/22,Activated,19,53,95.1,3.06,82.2,0,120,9
Craig Stammen,SDP,RP,7/4/22,Shoulder inflammation,Activated,7/6/22,9/4/22,9/11/22,Activated,67,40.2,0,4.43,81.4,0,88,7.75
Tayler Scott,SDP,RP,8/12/22,Finger laceration (right middle),Activated,8/13/22,8/28/22,9/11/22,Activated,29,12,94.1,6.75,83.9,0,81,9.75
Austin Adams,SDP,RP,8/5/22,Flexor tendon surgery,60-Day IL,4/13/22,6/12/22,10/6/22,Out for 2022 season,176,2.1,92.7,0,86.2,0,104,7.71
Zack Littell,SFG,RP,4/26/22,Undisclosed,Activated,4/26/22,4/27/22,5/5/22,Activated,9,44.1,94.4,5.08,87.8,0,101,7.92
Dominic Leone,SFG,RP,4/29/22,COVID-19,Activated,4/29/22,4/30/22,5/7/22,Activated,8,49.1,95.4,4.01,85.1,0,103,9.49
Jake McGee,SFG,RP,5/10/22,Lower back tightness,Activated,5/11/22,5/26/22,5/27/22,Activated,16,37,94.3,6.81,85.2,0,91,6.08
Jose Alvarez,SFG,RP,6/11/22,Strained lower back,Activated,6/18/22,7/3/22,7/5/22,Activated,17,15.1,91.2,5.28,80.3,0,85,8.8
Zack Littell,SFG,RP,7/8/22,Strained oblique,Activated,7/9/22,7/24/22,8/17/22,Activated,39,44.1,94.4,5.08,87.8,0,101,7.92
Dominic Leone,SFG,RP,9/8/22,Elbow inflammation,Activated,9/9/22,9/24/22,9/10/22,Activated,1,49.1,95.4,4.01,85.1,0,103,9.49
Thomas Szapucki,SFG,RP,10/2/22,Strained hip,15-Day IL,10/3/22,10/18/22,10/6/22,Out for 2022 season,3,15,95.1,7.2,0,80,94,10.8
Mauricio Llovera,SFG,RP,7/15/22,Strained flexor,60-Day IL,7/16/22,9/14/22,10/6/22,No timetable for return,82,16.1,95.3,4.41,83.7,0,112,11.02
Sam Long,SFG,RP,8/20/22,Strained oblique,60-Day IL,8/26/22,10/25/22,10/6/22,Out for 2022 season,41,42.1,94.5,3.61,0,77,95,7.02
Jose Alvarez,SFG,RP,8/31/22,Tommy John surgery,60-Day IL,7/5/22,9/3/22,10/6/22,Out for 2022 season,93,15.1,91.2,5.28,80.3,0,85,8.8
Michael Lorenzen,LAA,SP,7/1/22,Strained shoulder,Activated,7/3/22,9/1/22,9/9/22,Activated,68,97.2,95,4.24,83.4,81.3,94,7.83
Jhonathan Diaz,LAA,SP,7/16/22,TBD,60-Day IL,9/4/22,11/3/22,10/6/22,Out for 2022 season,32,15.1,91.5,2.93,80.6,74.7,92,6.46
Dean Kremer,BAL,SP,4/10/22,Strained oblique,Activated,4/8/22,4/18/22,6/5/22,Activated,58,125.1,93.6,3.23,0,76.5,94,6.25
Spenser Watkins,BAL,SP,5/22/22,Elbow contusion,Activated,5/23/22,6/7/22,6/8/22,Activated,16,105.1,91.6,4.7,78.4,76.8,87,5.38
Kyle Bradish,BAL,SP,6/18/22,Shoulder inflammation,Activated,6/21/22,7/6/22,7/29/22,Activated,38,117.2,0,4.9,86.9,83.2,108,8.49
Tyler Wells,BAL,SP,7/27/22,Strained oblique,Activated,7/28/22,8/12/22,9/7/22,Activated,41,103.2,93.7,4.25,87.5,77.8,106,6.6
Tyler Wells,BAL,SP,9/19/22,Shoulder inflammation,15-Day IL,9/20/22,10/5/22,10/6/22,Out for 2022 season,16,103.2,93.7,4.25,87.5,77.8,106,6.6
John Means,BAL,SP,4/27/22,Tommy John surgery,60-Day IL,4/14/22,6/13/22,10/6/22,Out for 2022 season,175,8,92.3,3.38,84.1,76.8,105,7.88
Chris Ellis,BAL,SP,5/4/22,Arthroscopic shoulder surgery,60-Day IL,4/25/22,6/24/22,10/6/22,Out for 2022 season,164,4.1,93,10.38,85.9,81.7,96,4.15
Chris Sale,BOS,SP,Mar '22,Stress fracture -- rib cage,Activated,4/4/22,6/3/22,7/12/22,Activated,99,5.2,94.9,3.18,79.2,0,106,7.94
Michael Wacha,BOS,SP,5/3/22,Intercostal irritation,Activated,5/5/22,5/20/22,5/20/22,Activated,15,127.1,93.2,3.32,0,74.7,91,7.35
Rich Hill,BOS,SP,5/6/22,COVID-19,Activated,5/6/22,5/7/22,5/14/22,Activated,8,124.1,88.7,4.27,69.2,71.9,98,7.89
Garrett Whitlock,BOS,SP,6/7/22,Hip inflammation,Activated,6/9/22,6/24/22,7/15/22,Activated,36,78.1,96.1,3.45,83.2,0,103,9.42
Nathan Eovaldi,BOS,SP,6/8/22,Lower back inflammation,Activated,6/9/22,6/24/22,7/15/22,Activated,36,109.1,95.9,3.87,86.1,78.3,108,8.48
Michael Wacha,BOS,SP,6/28/22,Shoulder inflammation,Activated,7/5/22,7/20/22,8/14/22,Activated,40,127.1,93.2,3.32,0,74.7,91,7.35
Rich Hill,BOS,SP,7/1/22,Sprained knee,Activated,7/2/22,7/17/22,8/1/22,Activated,30,124.1,88.7,4.27,69.2,71.9,98,7.89
Connor Seabold,BOS,SP,7/8/22,Strained forearm,Activated,7/9/22,7/24/22,7/26/22,Activated,17,18.1,92.2,11.29,85.6,78.7,76,9.33
Josh Winckowski,BOS,SP,7/14/22,COVID-19,Activated,7/14/22,7/15/22,7/25/22,Activated,11,70.1,93.8,5.89,84.8,0,96,5.63
Brayan Bello,BOS,SP,8/3/22,Strained groin,Activated,8/4/22,8/19/22,8/24/22,Activated,20,57.1,97,4.71,85,80.2,95,8.63
Nathan Eovaldi,BOS,SP,8/12/22,Shoulder inflammation,Activated,8/19/22,9/3/22,9/29/22,Activated,41,109.1,95.9,3.87,86.1,78.3,108,8.48
Kutter Crawford,BOS,SP,8/30/22,Shoulder impingement,15-Day IL,9/1/22,9/16/22,10/6/22,Out for 2022 season,35,77.1,94.7,5.47,85.2,79.7,104,8.96
Garrett Whitlock,BOS,SP,9/26/22,Hip surgery,15-Day IL,9/18/22,10/3/22,10/6/22,Out for 2022 season,18,78.1,96.1,3.45,83.2,0,103,9.42
Chris Sale,BOS,SP,8/8/22,Wrist surgery (fracture),60-Day IL,7/19/22,9/17/22,10/6/22,Out for 2022 season,79,5.2,94.9,3.18,79.2,0,106,7.94
Lance Lynn,CHW,SP,Apr '22,Knee surgery (torn tendon),Activated,4/4/22,6/3/22,6/13/22,Activated,70,121.2,93,3.99,86.6,82,97,9.17
Lucas Giolito,CHW,SP,4/8/22,Strained abdominal,Activated,4/9/22,4/19/22,4/24/22,Activated,15,161.2,92.7,4.9,84.4,79.2,91,9.85
Lucas Giolito,CHW,SP,5/13/22,Undisclosed,Activated,5/13/22,5/14/22,5/18/22,Activated,5,161.2,92.7,4.9,84.4,79.2,91,9.85
Vince Velasquez,CHW,SP,6/2/22,Strained groin,Activated,5/31/22,6/15/22,6/15/22,Activated,15,75.1,93.3,4.78,84.8,79,101,8.24
Vince Velasquez,CHW,SP,7/5/22,Blister -- finger (right index),Activated,7/6/22,7/21/22,8/15/22,Activated,40,75.1,93.3,4.78,84.8,79,101,8.24
Michael Kopech,CHW,SP,8/22/22,Strained knee,Activated,8/23/22,9/7/22,9/7/22,Activated,15,119.1,95.1,3.54,84.3,78.4,113,7.92
Michael Kopech,CHW,SP,9/28/22,Knee surgery (torn meniscus),15-Day IL,9/14/22,9/29/22,10/6/22,Out for 2022 season,22,119.1,95.1,3.54,84.3,78.4,113,7.92
Cody Morris,CLE,SP,Mar '22,Strained shoulder (teres major),Activated,4/4/22,6/3/22,9/1/22,Activated,150,23.2,94.7,2.28,0,79.6,101,8.75
Cal Quantrill,CLE,SP,4/20/22,Undisclosed,Activated,4/20/22,4/21/22,4/23/22,Activated,3,186.1,93.9,3.38,0,82.6,90,6.18
Aaron Civale,CLE,SP,5/20/22,Glute soreness,Activated,5/22/22,6/6/22,6/21/22,Activated,30,97,90.9,4.92,80.5,75.9,101,9.09
Aaron Civale,CLE,SP,7/13/22,Sprained wrist,Activated,7/14/22,7/29/22,8/10/22,Activated,27,97,90.9,4.92,80.5,75.9,101,9.09
Zach Plesac,CLE,SP,8/27/22,Fractured hand (right pinkie),Activated,8/30/22,9/14/22,10/1/22,Activated,32,131.2,92.2,4.31,85.4,79.3,91,6.84
Aaron Civale,CLE,SP,8/28/22,Forearm inflammation,Activated,8/30/22,9/14/22,9/20/22,Activated,21,97,90.9,4.92,80.5,75.9,101,9.09
Matt Manning,DET,SP,4/16/22,Shoulder inflammation,Activated,4/17/22,6/16/22,8/2/22,Activated,107,63,93.5,3.43,83.7,79.7,94,6.86
Tyler Alexander,DET,SP,4/29/22,Sprained elbow,Activated,4/30/22,5/10/22,6/14/22,Activated,45,101,90.2,4.81,77.7,0,86,5.44
Michael Pineda,DET,SP,5/14/22,Fractured finger (right middle),Activated,5/15/22,5/30/22,7/1/22,Activated,47,46.2,90.1,5.79,80.7,0,72,5.01
Rony García,DET,SP,6/29/22,Shoulder soreness,Activated,6/30/22,7/15/22,7/24/22,Activated,24,51,93,4.41,0,80.3,92,8.47
Michael Pineda,DET,SP,7/23/22,Triceps tightness,Activated,7/24/22,8/8/22,9/1/22,Activated,39,46.2,90.1,5.79,80.7,0,72,5.01
Eduardo Rodriguez,DET,SP,5/18/22,Sprained ribcage,15-Day IL,5/19/22,6/3/22,10/6/22,No timetable for return,140,91,92,4.05,82.7,0,80,7.12
Casey Mize,DET,SP,6/15/22,Tommy John surgery,60-Day IL,4/15/22,6/14/22,10/6/22,Out for 2022 season,174,10,94,5.4,85.5,0,90,3.6
Beau Brieske,DET,SP,7/12/22,Forearm soreness,60-Day IL,7/18/22,9/16/22,10/6/22,Out for 2022 season,80,81.2,94.4,4.19,86.2,78.1,95,5.95
Rony García,DET,SP,7/24/22,Shoulder soreness,60-Day IL,7/25/22,9/23/22,10/6/22,Doubtful for 2022 season,73,51,93,4.41,0,80.3,92,8.47
Tarik Skubal,DET,SP,8/17/22,Flexor tendon surgery,60-Day IL,8/2/22,10/1/22,10/6/22,Out for 2022 season,65,117.2,94.2,3.52,89.3,0,91,8.95
Matt Manning,DET,SP,9/28/22,Strained forearm,60-Day IL,9/29/22,11/28/22,10/6/22,Out for 2022 season,7,63,93.5,3.43,83.7,79.7,94,6.86
Zack Greinke,KCR,SP,5/29/22,Strained flexor tendon,Activated,5/30/22,6/14/22,6/24/22,Activated,25,137,89.2,3.68,82.2,72,87,4.8
Daniel Lynch IV,KCR,SP,6/22/22,Blister on finger (left index),Activated,6/23/22,7/8/22,7/11/22,Activated,18,131.2,94.2,5.13,85.9,0,87,8.34
Jonathan Heasley,KCR,SP,7/9/22,Shoulder tendinitis,Activated,7/10/22,7/25/22,7/30/22,Activated,20,104,93.3,5.28,85.6,78.5,98,6.06
Daniel Lynch IV,KCR,SP,7/16/22,Blister,Activated,7/17/22,8/1/22,8/1/22,Activated,15,131.2,94.2,5.13,85.9,0,87,8.34
Zack Greinke,KCR,SP,8/21/22,Forearm tightness,Activated,8/22/22,9/6/22,9/7/22,Activated,16,137,89.2,3.68,82.2,72,87,4.8
Angel Zerpa,KCR,SP,7/26/22,Knee discomfort,60-Day IL,7/27/22,9/25/22,10/6/22,Rehab assignment (9/10),71,11,94.2,1.64,83.5,0,73,2.45
Sonny Gray,MIN,SP,4/16/22,Strained hamstring,Activated,4/17/22,4/27/22,5/7/22,Activated,20,119.2,92.1,3.08,81.6,78.7,104,8.8
Bailey Ober,MIN,SP,4/28/22,Strained groin,Activated,4/29/22,5/9/22,5/21/22,Activated,22,56,91.8,3.21,82.9,76.7,90,8.2
Dylan Bundy,MIN,SP,5/5/22,COVID-19,Activated,5/6/22,5/7/22,5/17/22,Activated,11,140,89.1,4.89,79.1,72.2,91,6.04
Josh Winder,MIN,SP,5/17/22,Shoulder impingement,Activated,5/18/22,6/2/22,6/23/22,Activated,36,67,94.3,4.7,84.3,81,91,6.31
Joe Ryan,MIN,SP,5/25/22,Undisclosed,Activated,5/25/22,5/26/22,6/14/22,Activated,20,147,92,3.55,82,74.9,97,9.24
Sonny Gray,MIN,SP,5/29/22,Strained pectoral,Activated,5/30/22,6/14/22,6/19/22,Activated,20,119.2,92.1,3.08,81.6,78.7,104,8.8
Bailey Ober,MIN,SP,6/1/22,Strained groin,Activated,6/3/22,8/2/22,9/16/22,Activated,105,56,91.8,3.21,82.9,76.7,90,8.2
Chris Archer,MIN,SP,7/5/22,Hip tightness,Activated,7/2/22,7/17/22,7/17/22,Activated,15,102.2,93.2,4.56,88.7,81.7,107,7.36
Tyler Mahle,MIN,SP,8/17/22,Shoulder inflammation,Activated,8/18/22,9/2/22,9/3/22,Activated,16,120.2,93.3,4.4,83.9,0,100,9.4
Tyler Mahle,MIN,SP,9/3/22,Shoulder inflammation,15-Day IL,9/4/22,9/19/22,10/6/22,Out for 2022 season,32,120.2,93.3,4.4,83.9,0,100,9.4
Chris Archer,MIN,SP,9/10/22,Strained pectoral,15-Day IL,9/11/22,9/26/22,10/6/22,No timetable for return,25,102.2,93.2,4.56,88.7,81.7,107,7.36
Sonny Gray,MIN,SP,9/19/22,Strained hamstring,15-Day IL,9/20/22,10/5/22,10/6/22,No timetable for return,16,119.2,92.1,3.08,81.6,78.7,104,8.8
Chris Paddack,MIN,SP,5/18/22,Tommy John surgery,60-Day IL,5/9/22,7/8/22,10/6/22,Out for 2022 season,150,22.1,93.5,4.03,83.5,76,88,8.06
Domingo Germán,NYY,SP,Mar '22,Shoulder impingement syndrome,Activated,4/4/22,6/3/22,7/21/22,Activated,108,72.1,92.7,3.61,0,81,102,7.22
Luis Severino,NYY,SP,6/16/22,Undisclosed,Activated,6/16/22,6/17/22,6/17/22,Activated,1,102,96.3,3.18,83.5,0,108,9.88
Luis Severino,NYY,SP,7/13/22,Strained lat,Activated,7/14/22,9/12/22,9/21/22,Activated,69,102,96.3,3.18,83.5,0,108,9.88
Nestor Cortes,NYY,SP,8/21/22,Strained groin,Activated,8/22/22,9/6/22,9/8/22,Activated,17,158.1,91.7,2.44,77.1,72.4,106,9.27
Frankie Montas,NYY,SP,9/16/22,Shoulder inflammation,Activated,9/17/22,10/2/22,10/6/22,Activated,19,144.1,96.2,4.05,87.2,0,104,8.85
Luis Gil,NYY,SP,5/24/22,Tommy John surgery,60-Day IL,8/28/22,10/27/22,10/6/22,Out for 2022 season,39,4,97.2,9,87.2,0,122,11.25
James Kaprielian,OAK,SP,Mar' 22,AC joint inflammation,Activated,4/4/22,4/14/22,5/1/22,Activated,27,134,94,4.23,85,79.3,86,6.58
Cole Irvin,OAK,SP,4/30/22,Shoulder tendinitis,Activated,5/2/22,5/17/22,5/22/22,Activated,20,181,90.9,3.98,81,77.5,75,6.36
Adam Oller,OAK,SP,9/3/22,Rib costochondritis,Activated,9/4/22,9/19/22,9/30/22,Activated,26,74.1,93.5,6.3,84.3,80.5,90,5.57
Daulton Jefferies,OAK,SP,6/13/22,Thoracic outlet syndrome surgery,60-Day IL,5/19/22,7/18/22,10/6/22,Out for 2022 season,140,39.1,92.8,5.72,0,80.1,89,6.41
Paul Blackburn,OAK,SP,8/10/22,Torn finger tendon (right middle),60-Day IL,8/7/22,10/6/22,10/6/22,Out for 2022 season,60,111.1,91.7,4.28,79.1,78.8,86,7.19
Matthew Boyd,SEA,SP,9/27/21,Flexor tendon surgery,Activated,4/4/22,6/3/22,9/1/22,Activated,150,13.1,92.7,1.35,80.8,72,90,8.78
Tyler Glasnow,TBR,SP,8/4/21,Tommy John surgery,Activated,4/4/22,6/3/22,9/28/22,Activated,177,6.2,97.6,1.35,90.9,83.7,157,13.5
Yonny Chirinos,TBR,SP,Sep '21,Fractured elbow,Activated,4/4/22,6/3/22,9/6/22,Activated,155,7,92.3,0,87.3,0,114,7.71
Shane Baz,TBR,SP,3/21/22,Arthroscopic elbow surgery,Activated,4/4/22,6/3/22,6/11/22,Activated,68,27,96,5,87.7,82.3,113,10
Ryan Yarbrough,TBR,SP,4/9/22,Strained groin,Activated,4/8/22,4/18/22,5/3/22,Activated,25,80,86.9,4.5,0,71.3,84,6.86
Luis Patiño,TBR,SP,4/11/22,Strained oblique,Activated,4/12/22,6/11/22,7/15/22,Activated,94,20,94.9,8.1,84.3,0,101,4.95
Drew Rasmussen,TBR,SP,6/10/22,Strained hamstring,Activated,6/12/22,6/27/22,7/2/22,Activated,20,146,95.7,2.84,84.6,79.6,106,7.71
Josh Fleming,TBR,SP,7/11/22,Strained oblique,Activated,7/12/22,7/27/22,8/28/22,Activated,47,35,92.6,6.43,0,79.5,85,7.46
Shane McClanahan,TBR,SP,8/30/22,Shoulder impingement,Activated,8/28/22,9/12/22,9/15/22,Activated,18,166.1,97,2.54,89.3,82,112,10.5
Ryan Yarbrough,TBR,SP,9/22/22,Strained oblique,15-Day IL,9/23/22,10/8/22,10/6/22,No timetable for return,13,80,86.9,4.5,0,71.3,84,6.86
Shane Baz,TBR,SP,9/28/22,Tommy John surgery,60-Day IL,7/13/22,9/11/22,10/6/22,Out for 2022 season,85,27,96,5,87.7,82.3,113,10
Jon Gray,TEX,SP,4/8/22,Blister (middle finger),Activated,4/9/22,4/19/22,4/19/22,Activated,10,127.1,96,3.96,84.9,77.8,100,9.47
Spencer Howard,TEX,SP,4/10/22,Cracked fingernail/blister,Activated,4/11/22,4/21/22,4/24/22,Activated,13,37.2,94.4,7.41,0,75,88,7.65
Jon Gray,TEX,SP,4/19/22,Sprained knee,Activated,4/20/22,4/30/22,5/3/22,Activated,13,127.1,96,3.96,84.9,77.8,100,9.47
Glenn Otto,TEX,SP,6/10/22,Undisclosed,Activated,6/10/22,6/11/22,6/26/22,Activated,16,135.2,92.5,4.64,81.1,0,96,7.1
Dane Dunning,TEX,SP,7/10/22,Ankle impingement,Activated,7/11/22,7/26/22,7/26/22,Activated,15,153.1,89,4.46,78.7,0,77,8.04
Jon Gray,TEX,SP,8/1/22,Strained oblique,Activated,8/2/22,8/12/22,9/12/22,Activated,41,127.1,96,3.96,84.9,77.8,100,9.47
Spencer Howard,TEX,SP,8/7/22,Shoulder impingement,Activated,8/8/22,8/23/22,9/29/22,Activated,52,37.2,94.4,7.41,0,75,88,7.65
Cole Ragans,TEX,SP,8/22/22,Strained calf,Activated,8/23/22,9/7/22,9/7/22,Activated,15,40,92.1,4.95,0,76.3,90,6.08
Dane Dunning,TEX,SP,9/26/22,Hip surgery,15-Day IL,9/24/22,10/9/22,10/6/22,Out for 2022 season,12,153.1,89,4.46,78.7,0,77,8.04
Cole Ragans,TEX,SP,10/1/22,Strained calf,15-Day IL,10/2/22,10/17/22,10/6/22,Out for 2022 season,4,40,92.1,4.95,0,76.3,90,6.08
Hyun Jin Ryu,TOR,SP,4/16/22,Forearm inflammation,Activated,4/17/22,4/27/22,5/14/22,Activated,27,27,89.4,5.67,0,71.9,76,5.33
Yusei Kikuchi,TOR,SP,7/5/22,Strained neck,Activated,7/6/22,7/21/22,7/28/22,Activated,22,100.2,94.9,5.19,86.5,0,107,11.09
Ross Stripling,TOR,SP,7/30/22,Strained glute,Activated,7/31/22,8/15/22,8/17/22,Activated,17,134.1,91.9,3.01,87.1,0,98,7.44
Hyun Jin Ryu,TOR,SP,6/18/22,Tommy John surgery,60-Day IL,6/2/22,8/1/22,10/6/22,Out for 2022 season,126,27,89.4,5.67,0,71.9,76,5.33
Ryne Nelson,ARI,SP,9/18/22,Shoulder inflammation (scapula),15-Day IL,9/19/22,10/4/22,10/6/22,No timetable for return,17,18.1,94.5,1.47,82.5,76.9,118,7.85
Tyler Gilbert,ARI,SP,7/26/22,Sprained elbow,60-Day IL,7/27/22,9/25/22,10/6/22,Questionable for 2022 season,71,34.1,89.3,5.24,0,0,83,5.24
Humberto Castellanos,ARI,SP,8/8/22,Tommy John surgery,60-Day IL,6/1/22,7/31/22,10/6/22,Out for 2022 season,127,44.1,89.4,5.68,86.2,76.5,75,6.5
Tyler Matzek,ATL,SP,5/10/22,Shoulder inflammation,Activated,5/14/22,5/29/22,7/4/22,Activated,51,43.2,94.1,3.5,83.2,77.7,102,7.42
Max Fried,ATL,SP,8/6/22,Concussion,Activated,8/8/22,8/15/22,8/18/22,Activated,10,185.1,94,2.48,87.3,74.3,96,8.26
Spencer Strider,ATL,SP,9/18/22,Strained oblique,Activated,9/21/22,10/6/22,10/6/22,Activated,15,131.2,98.1,2.67,86.3,0,134,13.81
Huascar Ynoa,ATL,SP,9/7/22,Tommy John surgery,60-Day IL,9/28/22,11/27/22,10/6/22,Out for 2022 season,8,6.2,96.7,13.5,85.1,0,86,10.8
Adbert Alzolay,CHC,SP,Feb '22,Strained lat,Activated,4/4/22,6/3/22,9/17/22,Activated,166,13.1,95,3.38,85.4,0,105,12.83
Wade Miley,CHC,SP,Mar '22,Elbow inflammation,Activated,4/4/22,4/14/22,5/10/22,Activated,36,37,89.2,3.16,78.7,68.9,95,6.81
Alec Mills,CHC,SP,3/25/22,Strained lower back,Activated,4/4/22,6/3/22,6/7/22,Activated,64,17.2,88.8,9.68,76.1,65.8,71,5.6
Marcus Stroman,CHC,SP,5/8/22,Undisclosed,Activated,5/8/22,5/9/22,5/19/22,Activated,11,138.2,92.9,3.5,84.7,81.3,104,7.72
Wade Miley,CHC,SP,5/22/22,Strained shoulder,Activated,5/26/22,6/10/22,6/10/22,Activated,15,37,89.2,3.16,78.7,68.9,95,6.81
Marcus Stroman,CHC,SP,6/3/22,Shoulder inflammation,Activated,6/7/22,6/22/22,7/9/22,Activated,32,138.2,92.9,3.5,84.7,81.3,104,7.72
Wade Miley,CHC,SP,6/10/22,Strained shoulder,Activated,6/11/22,8/10/22,9/6/22,Activated,87,37,89.2,3.16,78.7,68.9,95,6.81
Keegan Thompson,CHC,SP,8/19/22,Lower back tightness,Activated,8/20/22,9/4/22,9/21/22,Activated,32,115,93.8,3.76,83.9,81.3,104,8.45
Justin Steele,CHC,SP,8/26/22,Strained lower back,15-Day IL,9/2/22,9/17/22,10/6/22,Out for 2022 season,34,119,92.4,3.18,82.1,78.1,96,9.53
Kyle Hendricks,CHC,SP,7/5/22,Strained shoulder (capsular tear),60-Day IL,7/6/22,9/4/22,10/6/22,Out for 2022 season,92,84.1,87.1,4.8,0,72.7,71,7.04
Alec Mills,CHC,SP,9/14/22,Back surgery (discectomy),60-Day IL,7/3/22,9/1/22,10/6/22,Out for 2022 season,95,17.2,88.8,9.68,76.1,65.8,71,5.6
Justin Dunn,CIN,SP,6/17/21,Strained shoulder,Activated,4/4/22,6/3/22,7/24/22,Activated,111,31,92.3,6.1,83.5,79.8,89,6.1
Mike Minor,CIN,SP,Mar '22,Shoulder soreness,Activated,4/4/22,4/14/22,6/3/22,Activated,60,98,90.4,6.06,85.4,0,80,6.98
Luis Castillo,CIN,SP,Mar '22,Shoulder soreness,Activated,4/4/22,4/14/22,5/9/22,Activated,35,150.1,97.1,2.99,86.5,0,102,10
Nick Lodolo,CIN,SP,4/24/22,Strained lower back,Activated,4/25/22,6/24/22,7/5/22,Activated,71,103.1,94.5,3.66,0,81.5,106,11.41
Connor Overton,CIN,SP,5/17/22,Stress reaction -- lower back,Activated,5/20/22,7/19/22,9/23/22,Activated,126,33,91.4,2.73,81.9,79.5,82,3.82
Tyler Mahle,CIN,SP,7/2/22,Strained shoulder,Activated,7/3/22,7/18/22,7/24/22,Activated,21,120.2,93.3,4.4,83.9,0,100,9.4
Hunter Greene,CIN,SP,8/1/22,Strained shoulder,Activated,8/2/22,8/17/22,9/17/22,Activated,46,125.2,99,4.44,88.1,0,129,11.75
Robert Dugger,CIN,SP,8/5/22,Shoulder discomfort,Activated,8/6/22,8/21/22,10/4/22,Activated,59,16,89.8,6.19,77.6,72.6,85,10.69
Graham Ashcraft,CIN,SP,8/19/22,Biceps discomfort,Activated,8/20/22,9/4/22,9/24/22,Activated,35,105,97.3,4.89,85.8,0,109,6.09
T.J. Zeuch,CIN,SP,8/24/22,Back discomfort,Activated,8/25/22,9/9/22,9/14/22,Activated,20,10.2,92.5,15.19,80.8,0,79,4.22
Justin Dunn,CIN,SP,9/12/22,Undisclosed,Activated,9/12/22,9/13/22,9/14/22,Activated,2,31,92.3,6.1,83.5,79.8,89,6.1
Justin Dunn,CIN,SP,9/15/22,Strained shoulder,15-Day IL,9/12/22,9/27/22,10/6/22,Rehab assignment (9/27),24,31,92.3,6.1,83.5,79.8,89,6.1
Mike Minor,CIN,SP,9/17/22,Shoulder soreness,15-Day IL,9/20/22,10/5/22,10/6/22,No timetable for return,16,98,90.4,6.06,85.4,0,80,6.98
Vladimir Gutierrez,CIN,SP,7/20/22,Tommy John surgery,60-Day IL,6/4/22,8/3/22,10/6/22,Out for 2022 season,124,36.2,93,7.61,82.2,78.4,95,7.12
Antonio Senzatela,COL,SP,5/16/22,Strained lower back,Activated,5/17/22,6/1/22,6/1/22,Activated,15,92.1,94.3,5.07,86.1,78.2,83,5.26
Ryan Feltner,COL,SP,6/26/22,Strained back,Activated,6/27/22,7/12/22,7/12/22,Activated,15,97.1,94.5,5.83,84.4,77.9,98,7.77
Antonio Senzatela,COL,SP,7/1/22,Shoulder inflammation,Activated,7/2/22,7/17/22,7/22/22,Activated,20,92.1,94.3,5.07,86.1,78.2,83,5.26
Chad Kuhl,COL,SP,8/3/22,Strained hip flexor,Activated,8/4/22,8/19/22,8/25/22,Activated,21,137,93.6,5.72,86.5,0,90,7.23
Antonio Senzatela,COL,SP,8/18/22,Torn knee ligament,15-Day IL,8/19/22,9/3/22,10/6/22,Out for 2022 season,48,92.1,94.3,5.07,86.1,78.2,83,5.26
Chad Kuhl,COL,SP,9/30/22,Strained triceps,15-Day IL,10/1/22,10/16/22,10/6/22,Out for 2022 season,5,137,93.6,5.72,86.5,0,90,7.23
Jesús Luzardo,MIA,SP,5/10/22,Strained forearm,Activated,5/12/22,7/11/22,8/1/22,Activated,81,100.1,96.4,3.32,0,83.7,103,10.76
Cody Poteet,MIA,SP,5/25/22,Elbow discomfort,Activated,5/26/22,6/10/22,7/15/22,Activated,50,28,95,3.86,85.7,78,101,6.75
Edward Cabrera,MIA,SP,6/12/22,Elbow tendinitis,Activated,6/13/22,6/28/22,8/4/22,Activated,52,71.2,96,3.01,86.9,83.8,105,9.42
Trevor Rogers,MIA,SP,7/25/22,Lower back spasms,Activated,7/26/22,8/10/22,8/31/22,Activated,36,107,94.6,5.47,80.7,0,101,8.92
Trevor Rogers,MIA,SP,9/17/22,Strained lat,15-Day IL,9/19/22,10/4/22,10/6/22,Out for 2022 season,17,107,94.6,5.47,80.7,0,101,8.92
Edward Cabrera,MIA,SP,10/1/22,Sprained ankle,15-Day IL,10/2/22,10/17/22,10/6/22,Out for 2022 season,4,71.2,96,3.01,86.9,83.8,105,9.42
Max Meyer,MIA,SP,8/9/22,Tommy John surgery,60-Day IL,7/24/22,9/22/22,10/6/22,Out for 2022 season,74,6,94.9,7.5,89.1,0,100,9
Cody Poteet,MIA,SP,8/17/22,Tommy John surgery,60-Day IL,7/19/22,9/17/22,10/6/22,Out for 2022 season,79,28,95,3.86,85.7,78,101,6.75
Lance McCullers Jr.,HOU,SP,10/12/21,Strained flexor tendon,Activated,4/4/22,6/3/22,8/13/22,Activated,131,47.2,93.3,2.27,85.2,0,107,9.44
Jake Odorizzi,HOU,SP,5/16/22,Leg discomfort,Activated,5/17/22,6/1/22,7/4/22,Activated,48,106.1,92.2,4.4,82.6,71.9,82,7.28
Justin Verlander,HOU,SP,7/28/22,Strained calf,Activated,7/29/22,8/13/22,9/16/22,Activated,49,175,95.1,1.75,87.4,79,118,9.51
Dustin May,LAD,SP,5/11/21,Tommy John surgery,Activated,4/4/22,6/3/22,8/20/22,Activated,138,30,98.1,4.5,0,85.5,104,8.7
Andrew Heaney,LAD,SP,4/17/22,Shoulder discomfort,Activated,4/18/22,4/28/22,6/19/22,Activated,62,72.2,93,3.1,83.4,0,97,13.62
Clayton Kershaw,LAD,SP,5/7/22,SI joint inflammation (hip),Activated,5/10/22,5/25/22,6/11/22,Activated,32,126.1,90.8,2.28,86.6,73.2,106,9.76
Andrew Heaney,LAD,SP,6/19/22,Shoulder inflammation,Activated,6/21/22,7/6/22,7/27/22,Activated,36,72.2,93,3.1,83.4,0,97,13.62
Clayton Kershaw,LAD,SP,8/4/22,Lower back discomfort,Activated,8/5/22,8/20/22,9/1/22,Activated,27,126.1,90.8,2.28,86.6,73.2,106,9.76
Tony Gonsolin,LAD,SP,8/23/22,Strained forearm,Activated,8/26/22,9/10/22,10/3/22,Activated,38,130.1,93.2,2.14,87.5,80.7,103,8.22
Dustin May,LAD,SP,9/21/22,Lower back tightness,Activated,9/22/22,10/7/22,10/7/22,Activated,15,30,98.1,4.5,0,85.5,104,8.7
Michael Grove,LAD,SP,10/1/22,Knee contusion,15-Day IL,10/2/22,10/17/22,10/6/22,No timetable for return,4,29.1,94.2,4.6,85,79.1,93,7.36
Walker Buehler,LAD,SP,8/23/22,Tommy John surgery,60-Day IL,6/11/22,8/10/22,10/6/22,Out for 2022 season,117,65,95.4,4.02,83.5,0,110,8.03
Freddy Peralta,MIL,SP,5/22/22,Strained lat,Activated,5/23/22,7/22/22,8/3/22,Activated,72,78,92.9,3.58,80.3,75.9,107,9.92
Brandon Woodruff,MIL,SP,5/27/22,Sprained ankle,Activated,5/28/22,6/12/22,6/28/22,Activated,31,153.1,96.4,3.05,88,84,114,11.15
Aaron Ashby,MIL,SP,6/16/22,Forearm inflammation,Activated,6/17/22,7/2/22,7/2/22,Activated,15,107.1,95.9,4.44,83.5,79.7,102,10.57
Adrian Houser,MIL,SP,6/30/22,Strained flexor tendon,Activated,7/1/22,7/16/22,8/24/22,Activated,54,102.2,94.4,4.73,85,81.1,90,6.05
Aaron Ashby,MIL,SP,8/19/22,Shoulder inflammation,Activated,8/20/22,9/4/22,9/20/22,Activated,31,107.1,95.9,4.44,83.5,79.7,102,10.57
Eric Lauer,MIL,SP,9/7/22,Elbow inflammation,Activated,9/8/22,9/23/22,9/23/22,Activated,15,158.2,93.3,3.69,86.7,78.2,93,8.91
Freddy Peralta,MIL,SP,9/8/22,Shoulder inflammation,Activated,9/9/22,9/24/22,9/25/22,Activated,16,78,92.9,3.58,80.3,75.9,107,9.92
Adrian Houser,MIL,SP,9/27/22,Strained groin,15-Day IL,9/28/22,10/13/22,10/6/22,No timetable for return,8,102.2,94.4,4.73,85,81.1,90,6.05
Stephen Strasburg,WSN,SP,7/28/21,Thoracic outlet syndrome surgery,Activated,4/4/22,4/14/22,6/9/22,Activated,66,4.2,90.2,13.5,0,77.4,99,9.64
Aníbal Sánchez,WSN,SP,4/7/22,Cervical nerve impingement,Activated,4/8/22,6/7/22,7/14/22,Activated,97,69.1,89.4,4.28,83.2,75.4,79,6.23
Erick Fedde,WSN,SP,7/24/22,Shoulder inflammation,Activated,7/27/22,8/11/22,8/23/22,Activated,27,127,0,5.81,0,78.4,85,6.66
MacKenzie Gore,WSN,SP,7/25/22,Elbow inflammation,15-Day IL,7/26/22,8/10/22,10/6/22,Out for 2022 season,72,70,94.8,4.5,87.5,80.8,99,9.26
Cade Cavalli,WSN,SP,8/26/22,Shoulder inflammation,15-Day IL,8/28/22,9/12/22,10/6/22,No timetable for return,39,4.1,95.5,14.54,89.6,84.9,94,12.46
Stephen Strasburg,WSN,SP,6/9/22,Stress reaction -- ribs,60-Day IL,6/11/22,8/10/22,10/6/22,No timetable for return,117,4.2,90.2,13.5,0,77.4,99,9.64
Jackson Tetreault,WSN,SP,7/2/22,Stress fracture -- shoulder,60-Day IL,7/3/22,9/1/22,10/6/22,No timetable for return,95,21,94.5,5.14,0,82.2,79,3.86
Jacob deGrom,NYM,SP,3/31/22,Stress reaction -- shoulder,Activated,4/4/22,6/3/22,8/2/22,Activated,120,64.1,98.9,3.08,92.6,83.4,139,14.27
Taijuan Walker,NYM,SP,4/11/22,Shoulder bursitis,Activated,4/12/22,4/22/22,4/30/22,Activated,18,157.1,93.8,3.49,84.8,75,105,7.55
Tylor Megill,NYM,SP,5/11/22,Biceps inflammation,Activated,5/12/22,5/27/22,6/10/22,Activated,29,47.1,95.8,5.13,85.1,80.4,104,9.7
Max Scherzer,NYM,SP,5/18/22,Strained oblique,Activated,5/19/22,6/3/22,7/5/22,Activated,47,145.1,94.1,2.29,84.9,75,106,10.71
Tylor Megill,NYM,SP,6/16/22,Strained shoulder,Activated,6/17/22,8/16/22,9/19/22,Activated,94,47.1,95.8,5.13,85.1,80.4,104,9.7
Chris Bassitt,NYM,SP,7/1/22,Undisclosed,Activated,7/1/22,7/2/22,7/8/22,Activated,7,181.2,93.3,3.42,79,71.6,98,8.27
Carlos Carrasco,NYM,SP,8/15/22,Strained oblique,Activated,8/16/22,8/31/22,9/4/22,Activated,19,152,93.3,3.97,84.9,81.1,92,9
Stephen Nogosek,NYM,SP,8/20/22,Strained oblique,Activated,8/21/22,9/5/22,9/17/22,Activated,27,22,95,2.45,81.8,76,108,8.59
Max Scherzer,NYM,SP,9/3/22,Strained oblique,Activated,9/4/22,9/19/22,9/19/22,Activated,15,145.1,94.1,2.29,84.9,75,106,10.71
Tylor Megill,NYM,SP,10/5/22,Undisclosed,Activated,10/5/22,10/6/22,10/6/22,Activated,1,47.1,95.8,5.13,85.1,80.4,104,9.7
Zack Wheeler,PHI,SP,5/8/22,Undisclosed,Activated,5/8/22,5/9/22,5/12/22,Activated,4,153,96.1,2.82,90.6,81.3,110,9.59
Zach Eflin,PHI,SP,5/8/22,Undisclosed,Activated,5/8/22,5/9/22,5/17/22,Activated,9,75.2,93.3,4.04,85.6,78.3,96,7.73
Zach Eflin,PHI,SP,6/25/22,Knee contusion,Activated,6/26/22,8/25/22,9/12/22,Activated,78,75.2,93.3,4.04,85.6,78.3,96,7.73
Ranger Suárez,PHI,SP,6/29/22,Lower back spasms,Activated,6/30/22,7/15/22,7/15/22,Activated,15,155.1,93.3,3.65,82.4,76.5,86,7.47
Zack Wheeler,PHI,SP,8/20/22,Forearm tendinitis,Activated,8/22/22,9/6/22,9/21/22,Activated,30,153,96.1,2.82,90.6,81.3,110,9.59
Max Kranick,PIT,SP,Mar' 22,Strained forearm,Activated,4/4/22,4/14/22,4/29/22,Activated,25,5,95.4,0,87.4,77.8,114,7.2
Duane Underwood Jr.,PIT,SP,4/7/22,Strained hamstring,Activated,4/8/22,4/18/22,5/12/22,Activated,34,57.1,96.2,4.4,0,82.7,96,8.95
Duane Underwood Jr.,PIT,SP,6/13/22,Undisclosed,Activated,6/13/22,6/14/22,7/3/22,Activated,20,57.1,96.2,4.4,0,82.7,96,8.95
Zach Thompson,PIT,SP,6/17/22,Forearm nerve inflammation,Activated,6/18/22,7/3/22,7/3/22,Activated,15,121.2,92.4,5.18,0,76.6,85,6.66
JT Brubaker,PIT,SP,9/15/22,Arm inflammation,Activated,9/16/22,10/1/22,10/4/22,Activated,18,144,93,4.69,86.7,80,90,9.19
Max Kranick,PIT,SP,6/3/22,Tommy John surgery,60-Day IL,6/25/22,8/24/22,10/6/22,Out for 2022 season,103,5,95.4,0,87.4,77.8,114,7.2
Jack Flaherty,STL,SP,Feb '22,Shoulder bursitis,Activated,4/4/22,6/3/22,6/15/22,Activated,72,36,93.4,4.25,83.8,0,96,8.25
Adam Wainwright,STL,SP,5/6/22,COVID-19,Activated,5/6/22,5/7/22,5/15/22,Activated,9,191.2,88.1,3.71,0,72.9,106,6.71
Steven Matz,STL,SP,5/22/22,Shoulder impingement,Activated,5/23/22,6/7/22,7/17/22,Activated,55,48,0,5.25,89.6,78,100,10.12
Jack Flaherty,STL,SP,6/26/22,Strained shoulder,Activated,6/27/22,8/26/22,9/5/22,Activated,70,36,93.4,4.25,83.8,0,96,8.25
Dakota Hudson,STL,SP,7/14/22,Strained neck,Activated,7/15/22,7/30/22,7/31/22,Activated,16,139.2,91.6,4.45,87.8,80.5,80,5.03
Steven Matz,STL,SP,7/23/22,Sprained knee (torn MCL),Activated,7/24/22,8/8/22,9/17/22,Activated,55,48,0,5.25,89.6,78,100,10.12
Mike Clevinger,SDP,SP,3/29/22,Knee soreness,Activated,4/4/22,4/14/22,5/3/22,Activated,29,114.1,93.5,4.33,79.9,76.8,98,7.16
Blake Snell,SDP,SP,4/10/22,Strained groin,Activated,4/11/22,4/21/22,5/18/22,Activated,37,128,95.7,3.38,88.9,81.4,119,12.02
Mike Clevinger,SDP,SP,5/17/22,Strained triceps,Activated,5/21/22,6/5/22,6/5/22,Activated,15,114.1,93.5,4.33,79.9,76.8,98,7.16
Mike Clevinger,SDP,SP,6/11/22,Undisclosed,Activated,6/11/22,6/12/22,6/17/22,Activated,6,114.1,93.5,4.33,79.9,76.8,98,7.16
Joe Musgrove,SDP,SP,6/17/22,Undisclosed,Activated,6/17/22,6/18/22,6/23/22,Activated,6,181,92.9,2.93,82.9,81.3,103,9.15
Mike Clevinger,SDP,SP,10/5/22,Non-COVID illness,Activated,10/5/22,10/6/22,10/11/22,Activated,6,114.1,93.5,4.33,79.9,76.8,98,7.16
Alex Cobb,SFG,SP,4/19/22,Strained groin,Activated,4/20/22,4/30/22,5/1/22,Activated,11,149.2,95.3,3.73,0,0,94,9.08
Anthony DeSclafani,SFG,SP,4/21/22,Ankle inflammation,Activated,4/22/22,6/21/22,6/21/22,Activated,60,19,93,6.63,87.4,0,93,8.05
Alex Cobb,SFG,SP,6/3/22,Strained neck,Activated,6/4/22,6/19/22,6/19/22,Activated,15,149.2,95.3,3.73,0,0,94,9.08
Jakob Junis,SFG,SP,6/10/22,Strained hamstring,Activated,6/11/22,6/26/22,7/15/22,Activated,34,112,92,4.42,83.1,0,100,7.88
Carlos Rodón,SFG,SP,10/4/22,Non-COVID illness,CV-19 IL,10/4/22,10/5/22,10/6/22,Out for 2022 season,2,178,95.5,2.88,85.4,79.9,114,11.98
Logan Webb,SFG,SP,9/27/22,Back tightness,15-Day IL,9/29/22,10/14/22,10/6/22,Out for 2022 season,7,192.1,92.4,2.9,82.5,0,105,7.63
Anthony DeSclafani,SFG,SP,7/5/22,Ankle surgery,60-Day IL,6/27/22,8/26/22,10/6/22,Out for 2022 season,101,19,93,6.63,87.4,0,93,8.05
Gregory Santos,SFG,SP,8/19/22,Strained groin,60-Day IL,8/23/22,10/22/22,10/6/22,Out for 2022 season,44,3.2,98.7,4.91,87.8,0,99,4.91
Alex Wood,SFG,SP,8/31/22,Shoulder impingement,60-Day IL,9/1/22,10/31/22,10/6/22,Out for 2022 season,35,130.2,90.6,5.1,84.5,0,91,9.02